Word,Frequency
#ConsciousCapitalism,1
#Positive,1
#EffectiveAltruism,1
#LabelPadhegaIndia,4
#FoodPharmer,1
#LabelPadhegIndia,1
#dilsefoodie,10
#food,21
#chicken,3
#mutton,2
#streetfood,8
#jaipur,1
#afeemhandi,1
#omelette,1
#foodfood,1
#shakesquare,1
#kamlanagar,2
#connaughtplace,1
#chaat,1
#dilsecouple,2
#dahikesholey,1
#ina,1
#bombaybhelhouse,1
#travel,1
#vegetarian,2
#camera,1
#dhabafood,1
#poori,1
#breakfast,1
#panipat,1
#Award,2
#AwardWinning,1
#InfluencerAward,1
#FoodCreator,1
#Fun2ooshFood,10
#InfluencerAwards,1
#FoodBloggerOfTheYear,1
#FoodBlogger,1
#Entrepreneur,1
#FoodContentCreator,8
#FoodBloggerLife,8
#Tadka,1
#Dahi,1
#Curd,1
#TadkaDahi,1
#DahiTadka,1
#DahiLover,1
#PunjabiTadka,1
#DesiTadka,1
#Yogurt,1
#TraditionalFood,1
#IndianFood,2
#SummerRecipes,2
#SummerSpecial,2
#SummerFood,3
#IndianRecipes,1
#LunchIdea,1
#EasyRecipe,7
#QuickRecipes,7
#RecipeCreator,7
#Mango,2
#Pickle,1
#MangoPickle,1
#PickleLover,1
#PickleRecipe,1
#EasiestPickle,1
#Achar,1
#Achaar,1
#InstantAchar,1
#MangoAchar,1
#KairiAchar,1
#RawMango,1
#RawMangoAchar,1
#RawMangoPickle,1
#AamKaAchar,1
#Fruit,2
#Seasonal,1
#KairiKaAachar,1
#Pineapple,1
#PineappleSalad,1
#SummerSalad,1
#SummerSalads,1
#Salad,1
#SaladRecipe,1
#FruitSalad,1
#Healthy,1
#HealthySnack,1
#HealthySnacking,1
#SummerVibes,1
#Chaat,2
#FruitChaat,1
#Navratri,2
#Ashtami,2
#SubhAshtami,1
#Navami,2
#NavratriVibes,1
#Festive,1
#FestiveTime,1
#IndianFestival,1
#Kanjak,2
#KanjakPoojan,1
#KanyaPujan,1
#AshtamiSpecial,1
#NavratriSpecial,1
#Prasad,1
#KalaChana,1
#Halwa,1
#HalwaPuri,1
#IndianFestivals,1
#FestiveFood,1
#FestiveSpecial,1
#FestivalsOfIndia,1
#HalwaChana,1
#Momo,1
#Momos,1
#MomoChutney,1
#MomosChutney,1
#Chutney,1
#MomosRecipe,1
#VegMomos,1
#VegMomo,1
#StreetFood,2
#StreetFoodIndia,2
#StreetFoodFestival,2
#StreetStyle,1
#IndianStreetFood,1
#DelhiStreetFood,1
#Dumplings,1
#Dumpling,1
#ChineseCooking,1
#MomosLover,1
#SpicyFood,1
#ChineseFood,1
#PeanutChaat,1
#Peanut,1
#ChaatLover,1
#MumbaiChaat,1
#Snack,1
#Snacks,1
#SnacksTime,1
#SnacksRecipe,1
#SnackBox,1
#ChatpataFood,1
#MumbaiStreetFood,1
#IPLSnacks,1
#Snacking,1
#SnackingTime,1
#Ghibli,1
#GhibliFood,1
#GhibliRedraw,1
#GhibliPhotos,1
#ChatGPT,1
#ViralTrend,1
#GhibliPortraits,1
#GhibliStudio,1
#AI,1
#asmr,9
#asmrcommunity,9
#asmrvideo,7
#foodieincar,8
#asmrvideos,7
#mahindra,8
#facereveal,1
#foodporn,9
#viral,8
#viralvideos,1
#kottrakkara,1
#asmreating,8
#asmrfood,7
#asmrsounds,7
#chickenmandiüçó,1
#muttonmandi,1
#pothichoru,1
#homemade,7
#ad,1
#pizza,4
#eatitloveit,1
#keralasnack,1
#achappamwithicecream,1
#zomato,1
#mandi,1
#shawaya,1
#alfaham,1
#carcleaning,1
#carperfume,1
#friedchicken,1
#nashville,1
#pizzalover,1
#foodie,7
#pizzatime,1
#instafood,8
#italianfood,2
#delivery,1
#pizzalovers,1
#pasta,2
#pizzeria,1
#foodblogger,6
#foodphotography,6
#foodlover,6
#yummy,6
#foodstagram,8
#delicious,9
#pizzaria,1
#instagood,8
#love,8
#restaurant,4
#dinner,4
#pizzagram,1
#italy,2
#pizzanapoletana,2
#instagraffiti,1
#foodiesofinstagram,4
#eats,2
#instacool,2
#foodpic,2
#foodgasm,5
#foodoftheday,2
#foodpics,5
#likeforlikes,2
#likeforfollow,1
#likesforlike,1
#like4likes,1
#liketime,1
#likeforlikeback,1
#likeme,1
#likers,1
#likelike,1
#likeit,1
#followforfollowback,3
#follow,5
#followforlike,2
#followers,2
#followÔΩçe,2
#follow4followback,2
#following,2
#follower,2
#followtrain,2
#momos,1
#diversamentenapoletana,1
#pizzasiciliana,1
#ilfuturo√®soffice,1
#ilpapiedo,1
#giuseppemaggiojr,1
#cutedomingo,1
#indianfood,1
#india,1
#foodies,4
#bhfyp,3
#healthyfood,5
#indianfoodbloggers,1
#tasty,4
#indian,1
#desifood,1
#instagram,4
#indiancuisine,1
#homecooking,1
#southindianfood,1
#pastalover,1
#lunch,3
#spaghetti,1
#cucinaitaliana,1
#italian,1
#cooking,3
#chef,2
#italia,1
#cheese,1
#likes,1
#like,3
#followme,1
#photooftheday,3
#photography,1
#picoftheday,2
#healthy,1
#chinesefood,1
#chinese,1
#noodles,1
#chillipaneer,1
#chillipotato,1
#friedrice,1
#trending,1
#haldirams,1
#amazing,1
#foodblog,1
